[{"model": "admin.logentry", "pk": 1, "fields": {"action_time": "2022-08-16T15:06:50.048Z", "user": 1, "content_type": 14, "object_id": "1", "object_repr": "Jeans", "action_flag": 1, "change_message": "[{\"added\": {}}]"}}, {"model": "admin.logentry", "pk": 2, "fields": {"action_time": "2022-08-16T15:06:55.498Z", "user": 1, "content_type": 14, "object_id": "2", "object_repr": "Shoes", "action_flag": 1, "change_message": "[{\"added\": {}}]"}}, {"model": "admin.logentry", "pk": 3, "fields": {"action_time": "2022-08-16T15:08:11.785Z", "user": 1, "content_type": 15, "object_id": "1", "object_repr": "Blue", "action_flag": 1, "change_message": "[{\"added\": {}}]"}}, {"model": "admin.logentry", "pk": 4, "fields": {"action_time": "2022-08-16T15:08:17.562Z", "user": 1, "content_type": 17, "object_id": "1", "object_repr": "Small", "action_flag": 1, "change_message": "[{\"added\": {}}]"}}, {"model": "admin.logentry", "pk": 5, "fields": {"action_time": "2022-08-16T15:08:21.095Z", "user": 1, "content_type": 18, "object_id": "1", "object_repr": "Jean", "action_flag": 1, "change_message": "[{\"added\": {}}]"}}, {"model": "admin.logentry", "pk": 6, "fields": {"action_time": "2022-08-16T15:32:18.438Z", "user": 1, "content_type": 18, "object_id": "2", "object_repr": "Sleepwear", "action_flag": 1, "change_message": "[{\"added\": {}}]"}}, {"model": "admin.logentry", "pk": 7, "fields": {"action_time": "2022-08-16T15:37:16.657Z", "user": 1, "content_type": 14, "object_id": "3", "object_repr": "Shirt", "action_flag": 1, "change_message": "[{\"added\": {}}]"}}, {"model": "admin.logentry", "pk": 8, "fields": {"action_time": "2022-08-16T15:37:22.764Z", "user": 1, "content_type": 18, "object_id": "3", "object_repr": "Product", "action_flag": 1, "change_message": "[{\"added\": {}}]"}}, {"model": "admin.logentry", "pk": 9, "fields": {"action_time": "2022-08-17T00:48:17.707Z", "user": 1, "content_type": 18, "object_id": "3", "object_repr": "Product", "action_flag": 3, "change_message": ""}}, {"model": "admin.logentry", "pk": 10, "fields": {"action_time": "2022-08-17T00:48:27.678Z", "user": 1, "content_type": 18, "object_id": "2", "object_repr": "Sleepwear", "action_flag": 3, "change_message": ""}}, {"model": "admin.logentry", "pk": 11, "fields": {"action_time": "2022-08-17T00:48:33.450Z", "user": 1, "content_type": 18, "object_id": "1", "object_repr": "Jean", "action_flag": 3, "change_message": ""}}, {"model": "admin.logentry", "pk": 12, "fields": {"action_time": "2022-08-17T00:49:12.890Z", "user": 1, "content_type": 15, "object_id": "2", "object_repr": "Green", "action_flag": 1, "change_message": "[{\"added\": {}}]"}}, {"model": "admin.logentry", "pk": 13, "fields": {"action_time": "2022-08-17T00:49:17.004Z", "user": 1, "content_type": 15, "object_id": "3", "object_repr": "Black", "action_flag": 1, "change_message": "[{\"added\": {}}]"}}, {"model": "admin.logentry", "pk": 14, "fields": {"action_time": "2022-08-17T00:49:21.675Z", "user": 1, "content_type": 15, "object_id": "4", "object_repr": "White", "action_flag": 1, "change_message": "[{\"added\": {}}]"}}, {"model": "admin.logentry", "pk": 15, "fields": {"action_time": "2022-08-17T00:49:28.969Z", "user": 1, "content_type": 15, "object_id": "5", "object_repr": "Yellow", "action_flag": 1, "change_message": "[{\"added\": {}}]"}}, {"model": "admin.logentry", "pk": 16, "fields": {"action_time": "2022-08-17T00:49:33.164Z", "user": 1, "content_type": 15, "object_id": "6", "object_repr": "Orange", "action_flag": 1, "change_message": "[{\"added\": {}}]"}}, {"model": "admin.logentry", "pk": 17, "fields": {"action_time": "2022-08-17T00:49:36.976Z", "user": 1, "content_type": 15, "object_id": "7", "object_repr": "Brown", "action_flag": 1, "change_message": "[{\"added\": {}}]"}}, {"model": "admin.logentry", "pk": 18, "fields": {"action_time": "2022-08-17T00:49:43.923Z", "user": 1, "content_type": 17, "object_id": "2", "object_repr": "Large", "action_flag": 1, "change_message": "[{\"added\": {}}]"}}, {"model": "admin.logentry", "pk": 19, "fields": {"action_time": "2022-08-17T00:49:53.826Z", "user": 1, "content_type": 17, "object_id": "3", "object_repr": "Medium", "action_flag": 1, "change_message": "[{\"added\": {}}]"}}, {"model": "admin.logentry", "pk": 20, "fields": {"action_time": "2022-08-17T00:50:10.511Z", "user": 1, "content_type": 17, "object_id": "2", "object_repr": "Large", "action_flag": 3, "change_message": ""}}, {"model": "admin.logentry", "pk": 21, "fields": {"action_time": "2022-08-17T00:50:18.274Z", "user": 1, "content_type": 17, "object_id": "4", "object_repr": "Large", "action_flag": 1, "change_message": "[{\"added\": {}}]"}}, {"model": "admin.logentry", "pk": 22, "fields": {"action_time": "2022-08-17T00:50:32.155Z", "user": 1, "content_type": 16, "object_id": "2", "object_repr": "Order object (2)", "action_flag": 3, "change_message": ""}}, {"model": "admin.logentry", "pk": 23, "fields": {"action_time": "2022-08-17T00:50:37.275Z", "user": 1, "content_type": 16, "object_id": "1", "object_repr": "Order object (1)", "action_flag": 3, "change_message": ""}}, {"model": "admin.logentry", "pk": 24, "fields": {"action_time": "2022-08-17T00:51:25.962Z", "user": 1, "content_type": 18, "object_id": "4", "object_repr": "Blouse", "action_flag": 1, "change_message": "[{\"added\": {}}]"}}, {"model": "admin.logentry", "pk": 25, "fields": {"action_time": "2022-08-17T00:51:49.404Z", "user": 1, "content_type": 14, "object_id": "4", "object_repr": "Tops and Tees", "action_flag": 1, "change_message": "[{\"added\": {}}]"}}, {"model": "admin.logentry", "pk": 26, "fields": {"action_time": "2022-08-17T00:52:07.118Z", "user": 1, "content_type": 14, "object_id": "5", "object_repr": "Pants", "action_flag": 1, "change_message": "[{\"added\": {}}]"}}, {"model": "admin.logentry", "pk": 27, "fields": {"action_time": "2022-08-17T00:52:38.799Z", "user": 1, "content_type": 14, "object_id": "6", "object_repr": "Coats and Jackets", "action_flag": 1, "change_message": "[{\"added\": {}}]"}}, {"model": "admin.logentry", "pk": 28, "fields": {"action_time": "2022-08-17T00:53:02.064Z", "user": 1, "content_type": 14, "object_id": "3", "object_repr": "Shirt", "action_flag": 3, "change_message": ""}}, {"model": "admin.logentry", "pk": 29, "fields": {"action_time": "2022-08-17T00:53:12.258Z", "user": 1, "content_type": 14, "object_id": "7", "object_repr": "Sleepwear", "action_flag": 1, "change_message": "[{\"added\": {}}]"}}, {"model": "admin.logentry", "pk": 30, "fields": {"action_time": "2022-08-17T00:53:18.601Z", "user": 1, "content_type": 14, "object_id": "8", "object_repr": "Activewear", "action_flag": 1, "change_message": "[{\"added\": {}}]"}}, {"model": "admin.logentry", "pk": 31, "fields": {"action_time": "2022-08-17T00:53:33.565Z", "user": 1, "content_type": 14, "object_id": "1", "object_repr": "Jeans", "action_flag": 3, "change_message": ""}}, {"model": "admin.logentry", "pk": 32, "fields": {"action_time": "2022-08-17T00:54:12.577Z", "user": 1, "content_type": 18, "object_id": "5", "object_repr": "Blouse", "action_flag": 1, "change_message": "[{\"added\": {}}]"}}, {"model": "admin.logentry", "pk": 33, "fields": {"action_time": "2022-08-17T00:54:49.476Z", "user": 1, "content_type": 18, "object_id": "6", "object_repr": "Tank-Top", "action_flag": 1, "change_message": "[{\"added\": {}}]"}}, {"model": "admin.logentry", "pk": 34, "fields": {"action_time": "2022-08-17T00:55:19.626Z", "user": 1, "content_type": 18, "object_id": "7", "object_repr": "Tee", "action_flag": 1, "change_message": "[{\"added\": {}}]"}}, {"model": "admin.logentry", "pk": 35, "fields": {"action_time": "2022-08-17T01:54:07.331Z", "user": 1, "content_type": 18, "object_id": "8", "object_repr": "Jean", "action_flag": 1, "change_message": "[{\"added\": {}}]"}}, {"model": "admin.logentry", "pk": 36, "fields": {"action_time": "2022-08-17T01:54:48.430Z", "user": 1, "content_type": 18, "object_id": "9", "object_repr": "Shorts", "action_flag": 1, "change_message": "[{\"added\": {}}]"}}, {"model": "admin.logentry", "pk": 37, "fields": {"action_time": "2022-08-17T01:54:57.696Z", "user": 1, "content_type": 18, "object_id": "8", "object_repr": "Jean", "action_flag": 2, "change_message": "[{\"changed\": {\"fields\": [\"Price\"]}}]"}}, {"model": "admin.logentry", "pk": 38, "fields": {"action_time": "2022-08-17T02:03:46.849Z", "user": 1, "content_type": 18, "object_id": "10", "object_repr": "Trousers", "action_flag": 1, "change_message": "[{\"added\": {}}]"}}, {"model": "admin.logentry", "pk": 39, "fields": {"action_time": "2022-08-17T02:04:21.010Z", "user": 1, "content_type": 18, "object_id": "5", "object_repr": "Blouse", "action_flag": 2, "change_message": "[{\"changed\": {\"fields\": [\"Image\"]}}]"}}, {"model": "admin.logentry", "pk": 40, "fields": {"action_time": "2022-08-17T02:04:37.430Z", "user": 1, "content_type": 18, "object_id": "6", "object_repr": "Tank-Top", "action_flag": 2, "change_message": "[{\"changed\": {\"fields\": [\"Image\"]}}]"}}, {"model": "admin.logentry", "pk": 41, "fields": {"action_time": "2022-08-17T02:05:01.767Z", "user": 1, "content_type": 18, "object_id": "7", "object_repr": "Tee", "action_flag": 2, "change_message": "[{\"changed\": {\"fields\": [\"Image\"]}}]"}}, {"model": "admin.logentry", "pk": 42, "fields": {"action_time": "2022-08-17T02:05:22.357Z", "user": 1, "content_type": 18, "object_id": "8", "object_repr": "Jean", "action_flag": 2, "change_message": "[{\"changed\": {\"fields\": [\"Image\"]}}]"}}, {"model": "admin.logentry", "pk": 43, "fields": {"action_time": "2022-08-17T02:05:32.843Z", "user": 1, "content_type": 18, "object_id": "9", "object_repr": "Shorts", "action_flag": 2, "change_message": "[{\"changed\": {\"fields\": [\"Image\"]}}]"}}, {"model": "admin.logentry", "pk": 44, "fields": {"action_time": "2022-08-17T02:08:58.790Z", "user": 1, "content_type": 18, "object_id": "11", "object_repr": "Sneakers", "action_flag": 1, "change_message": "[{\"added\": {}}]"}}, {"model": "admin.logentry", "pk": 45, "fields": {"action_time": "2022-08-17T02:09:29.605Z", "user": 1, "content_type": 18, "object_id": "12", "object_repr": "Flats", "action_flag": 1, "change_message": "[{\"added\": {}}]"}}, {"model": "admin.logentry", "pk": 46, "fields": {"action_time": "2022-08-17T02:13:29.807Z", "user": 1, "content_type": 18, "object_id": "13", "object_repr": "Heels", "action_flag": 1, "change_message": "[{\"added\": {}}]"}}, {"model": "admin.logentry", "pk": 47, "fields": {"action_time": "2022-08-17T02:18:20.010Z", "user": 1, "content_type": 18, "object_id": "14", "object_repr": "Coat", "action_flag": 1, "change_message": "[{\"added\": {}}]"}}, {"model": "admin.logentry", "pk": 48, "fields": {"action_time": "2022-08-17T02:19:01.275Z", "user": 1, "content_type": 18, "object_id": "15", "object_repr": "Jacket", "action_flag": 1, "change_message": "[{\"added\": {}}]"}}, {"model": "admin.logentry", "pk": 49, "fields": {"action_time": "2022-08-17T02:21:35.700Z", "user": 1, "content_type": 18, "object_id": "16", "object_repr": "Vest", "action_flag": 1, "change_message": "[{\"added\": {}}]"}}, {"model": "admin.logentry", "pk": 50, "fields": {"action_time": "2022-08-17T02:25:27.694Z", "user": 1, "content_type": 18, "object_id": "17", "object_repr": "Legging", "action_flag": 1, "change_message": "[{\"added\": {}}]"}}, {"model": "admin.logentry", "pk": 51, "fields": {"action_time": "2022-08-17T02:25:58.438Z", "user": 1, "content_type": 18, "object_id": "18", "object_repr": "Jumpsuit", "action_flag": 1, "change_message": "[{\"added\": {}}]"}}, {"model": "admin.logentry", "pk": 52, "fields": {"action_time": "2022-08-17T02:31:37.319Z", "user": 1, "content_type": 18, "object_id": "19", "object_repr": "Skort", "action_flag": 1, "change_message": "[{\"added\": {}}]"}}, {"model": "admin.logentry", "pk": 53, "fields": {"action_time": "2022-08-17T02:32:18.167Z", "user": 1, "content_type": 18, "object_id": "18", "object_repr": "Bodysuit", "action_flag": 2, "change_message": "[{\"changed\": {\"fields\": [\"Title\", \"Slug\"]}}]"}}, {"model": "admin.logentry", "pk": 54, "fields": {"action_time": "2022-08-17T02:35:00.870Z", "user": 1, "content_type": 18, "object_id": "20", "object_repr": "Nightgown", "action_flag": 1, "change_message": "[{\"added\": {}}]"}}, {"model": "admin.logentry", "pk": 55, "fields": {"action_time": "2022-08-17T02:35:35.319Z", "user": 1, "content_type": 18, "object_id": "21", "object_repr": "Robes", "action_flag": 1, "change_message": "[{\"added\": {}}]"}}, {"model": "admin.logentry", "pk": 56, "fields": {"action_time": "2022-08-17T02:39:15.517Z", "user": 1, "content_type": 18, "object_id": "22", "object_repr": "Pajamas", "action_flag": 1, "change_message": "[{\"added\": {}}]"}}, {"model": "admin.logentry", "pk": 57, "fields": {"action_time": "2022-08-21T03:42:41.878Z", "user": 1, "content_type": 18, "object_id": "5", "object_repr": "Blouse", "action_flag": 2, "change_message": "[{\"changed\": {\"fields\": [\"Image\"]}}]"}}, {"model": "admin.logentry", "pk": 58, "fields": {"action_time": "2022-08-21T03:43:42.415Z", "user": 1, "content_type": 18, "object_id": "5", "object_repr": "Blouse", "action_flag": 2, "change_message": "[{\"changed\": {\"fields\": [\"Image\"]}}]"}}, {"model": "admin.logentry", "pk": 59, "fields": {"action_time": "2022-08-21T03:44:03.960Z", "user": 1, "content_type": 18, "object_id": "5", "object_repr": "Blouse", "action_flag": 2, "change_message": "[{\"changed\": {\"fields\": [\"Image\"]}}]"}}, {"model": "auth.permission", "pk": 1, "fields": {"name": "Can add log entry", "content_type": 1, "codename": "add_logentry"}}, {"model": "auth.permission", "pk": 2, "fields": {"name": "Can change log entry", "content_type": 1, "codename": "change_logentry"}}, {"model": "auth.permission", "pk": 3, "fields": {"name": "Can delete log entry", "content_type": 1, "codename": "delete_logentry"}}, {"model": "auth.permission", "pk": 4, "fields": {"name": "Can view log entry", "content_type": 1, "codename": "view_logentry"}}, {"model": "auth.permission", "pk": 5, "fields": {"name": "Can add permission", "content_type": 2, "codename": "add_permission"}}, {"model": "auth.permission", "pk": 6, "fields": {"name": "Can change permission", "content_type": 2, "codename": "change_permission"}}, {"model": "auth.permission", "pk": 7, "fields": {"name": "Can delete permission", "content_type": 2, "codename": "delete_permission"}}, {"model": "auth.permission", "pk": 8, "fields": {"name": "Can view permission", "content_type": 2, "codename": "view_permission"}}, {"model": "auth.permission", "pk": 9, "fields": {"name": "Can add group", "content_type": 3, "codename": "add_group"}}, {"model": "auth.permission", "pk": 10, "fields": {"name": "Can change group", "content_type": 3, "codename": "change_group"}}, {"model": "auth.permission", "pk": 11, "fields": {"name": "Can delete group", "content_type": 3, "codename": "delete_group"}}, {"model": "auth.permission", "pk": 12, "fields": {"name": "Can view group", "content_type": 3, "codename": "view_group"}}, {"model": "auth.permission", "pk": 13, "fields": {"name": "Can add user", "content_type": 4, "codename": "add_user"}}, {"model": "auth.permission", "pk": 14, "fields": {"name": "Can change user", "content_type": 4, "codename": "change_user"}}, {"model": "auth.permission", "pk": 15, "fields": {"name": "Can delete user", "content_type": 4, "codename": "delete_user"}}, {"model": "auth.permission", "pk": 16, "fields": {"name": "Can view user", "content_type": 4, "codename": "view_user"}}, {"model": "auth.permission", "pk": 17, "fields": {"name": "Can add content type", "content_type": 5, "codename": "add_contenttype"}}, {"model": "auth.permission", "pk": 18, "fields": {"name": "Can change content type", "content_type": 5, "codename": "change_contenttype"}}, {"model": "auth.permission", "pk": 19, "fields": {"name": "Can delete content type", "content_type": 5, "codename": "delete_contenttype"}}, {"model": "auth.permission", "pk": 20, "fields": {"name": "Can view content type", "content_type": 5, "codename": "view_contenttype"}}, {"model": "auth.permission", "pk": 21, "fields": {"name": "Can add session", "content_type": 6, "codename": "add_session"}}, {"model": "auth.permission", "pk": 22, "fields": {"name": "Can change session", "content_type": 6, "codename": "change_session"}}, {"model": "auth.permission", "pk": 23, "fields": {"name": "Can delete session", "content_type": 6, "codename": "delete_session"}}, {"model": "auth.permission", "pk": 24, "fields": {"name": "Can view session", "content_type": 6, "codename": "view_session"}}, {"model": "auth.permission", "pk": 25, "fields": {"name": "Can add site", "content_type": 7, "codename": "add_site"}}, {"model": "auth.permission", "pk": 26, "fields": {"name": "Can change site", "content_type": 7, "codename": "change_site"}}, {"model": "auth.permission", "pk": 27, "fields": {"name": "Can delete site", "content_type": 7, "codename": "delete_site"}}, {"model": "auth.permission", "pk": 28, "fields": {"name": "Can view site", "content_type": 7, "codename": "view_site"}}, {"model": "auth.permission", "pk": 29, "fields": {"name": "Can add email address", "content_type": 8, "codename": "add_emailaddress"}}, {"model": "auth.permission", "pk": 30, "fields": {"name": "Can change email address", "content_type": 8, "codename": "change_emailaddress"}}, {"model": "auth.permission", "pk": 31, "fields": {"name": "Can delete email address", "content_type": 8, "codename": "delete_emailaddress"}}, {"model": "auth.permission", "pk": 32, "fields": {"name": "Can view email address", "content_type": 8, "codename": "view_emailaddress"}}, {"model": "auth.permission", "pk": 33, "fields": {"name": "Can add email confirmation", "content_type": 9, "codename": "add_emailconfirmation"}}, {"model": "auth.permission", "pk": 34, "fields": {"name": "Can change email confirmation", "content_type": 9, "codename": "change_emailconfirmation"}}, {"model": "auth.permission", "pk": 35, "fields": {"name": "Can delete email confirmation", "content_type": 9, "codename": "delete_emailconfirmation"}}, {"model": "auth.permission", "pk": 36, "fields": {"name": "Can view email confirmation", "content_type": 9, "codename": "view_emailconfirmation"}}, {"model": "auth.permission", "pk": 37, "fields": {"name": "Can add social account", "content_type": 10, "codename": "add_socialaccount"}}, {"model": "auth.permission", "pk": 38, "fields": {"name": "Can change social account", "content_type": 10, "codename": "change_socialaccount"}}, {"model": "auth.permission", "pk": 39, "fields": {"name": "Can delete social account", "content_type": 10, "codename": "delete_socialaccount"}}, {"model": "auth.permission", "pk": 40, "fields": {"name": "Can view social account", "content_type": 10, "codename": "view_socialaccount"}}, {"model": "auth.permission", "pk": 41, "fields": {"name": "Can add social application", "content_type": 11, "codename": "add_socialapp"}}, {"model": "auth.permission", "pk": 42, "fields": {"name": "Can change social application", "content_type": 11, "codename": "change_socialapp"}}, {"model": "auth.permission", "pk": 43, "fields": {"name": "Can delete social application", "content_type": 11, "codename": "delete_socialapp"}}, {"model": "auth.permission", "pk": 44, "fields": {"name": "Can view social application", "content_type": 11, "codename": "view_socialapp"}}, {"model": "auth.permission", "pk": 45, "fields": {"name": "Can add social application token", "content_type": 12, "codename": "add_socialtoken"}}, {"model": "auth.permission", "pk": 46, "fields": {"name": "Can change social application token", "content_type": 12, "codename": "change_socialtoken"}}, {"model": "auth.permission", "pk": 47, "fields": {"name": "Can delete social application token", "content_type": 12, "codename": "delete_socialtoken"}}, {"model": "auth.permission", "pk": 48, "fields": {"name": "Can view social application token", "content_type": 12, "codename": "view_socialtoken"}}, {"model": "auth.permission", "pk": 49, "fields": {"name": "Can add address", "content_type": 13, "codename": "add_address"}}, {"model": "auth.permission", "pk": 50, "fields": {"name": "Can change address", "content_type": 13, "codename": "change_address"}}, {"model": "auth.permission", "pk": 51, "fields": {"name": "Can delete address", "content_type": 13, "codename": "delete_address"}}, {"model": "auth.permission", "pk": 52, "fields": {"name": "Can view address", "content_type": 13, "codename": "view_address"}}, {"model": "auth.permission", "pk": 53, "fields": {"name": "Can add category", "content_type": 14, "codename": "add_category"}}, {"model": "auth.permission", "pk": 54, "fields": {"name": "Can change category", "content_type": 14, "codename": "change_category"}}, {"model": "auth.permission", "pk": 55, "fields": {"name": "Can delete category", "content_type": 14, "codename": "delete_category"}}, {"model": "auth.permission", "pk": 56, "fields": {"name": "Can view category", "content_type": 14, "codename": "view_category"}}, {"model": "auth.permission", "pk": 57, "fields": {"name": "Can add colour variation", "content_type": 15, "codename": "add_colourvariation"}}, {"model": "auth.permission", "pk": 58, "fields": {"name": "Can change colour variation", "content_type": 15, "codename": "change_colourvariation"}}, {"model": "auth.permission", "pk": 59, "fields": {"name": "Can delete colour variation", "content_type": 15, "codename": "delete_colourvariation"}}, {"model": "auth.permission", "pk": 60, "fields": {"name": "Can view colour variation", "content_type": 15, "codename": "view_colourvariation"}}, {"model": "auth.permission", "pk": 61, "fields": {"name": "Can add order", "content_type": 16, "codename": "add_order"}}, {"model": "auth.permission", "pk": 62, "fields": {"name": "Can change order", "content_type": 16, "codename": "change_order"}}, {"model": "auth.permission", "pk": 63, "fields": {"name": "Can delete order", "content_type": 16, "codename": "delete_order"}}, {"model": "auth.permission", "pk": 64, "fields": {"name": "Can view order", "content_type": 16, "codename": "view_order"}}, {"model": "auth.permission", "pk": 65, "fields": {"name": "Can add size variation", "content_type": 17, "codename": "add_sizevariation"}}, {"model": "auth.permission", "pk": 66, "fields": {"name": "Can change size variation", "content_type": 17, "codename": "change_sizevariation"}}, {"model": "auth.permission", "pk": 67, "fields": {"name": "Can delete size variation", "content_type": 17, "codename": "delete_sizevariation"}}, {"model": "auth.permission", "pk": 68, "fields": {"name": "Can view size variation", "content_type": 17, "codename": "view_sizevariation"}}, {"model": "auth.permission", "pk": 69, "fields": {"name": "Can add product", "content_type": 18, "codename": "add_product"}}, {"model": "auth.permission", "pk": 70, "fields": {"name": "Can change product", "content_type": 18, "codename": "change_product"}}, {"model": "auth.permission", "pk": 71, "fields": {"name": "Can delete product", "content_type": 18, "codename": "delete_product"}}, {"model": "auth.permission", "pk": 72, "fields": {"name": "Can view product", "content_type": 18, "codename": "view_product"}}, {"model": "auth.permission", "pk": 73, "fields": {"name": "Can add order item", "content_type": 19, "codename": "add_orderitem"}}, {"model": "auth.permission", "pk": 74, "fields": {"name": "Can change order item", "content_type": 19, "codename": "change_orderitem"}}, {"model": "auth.permission", "pk": 75, "fields": {"name": "Can delete order item", "content_type": 19, "codename": "delete_orderitem"}}, {"model": "auth.permission", "pk": 76, "fields": {"name": "Can view order item", "content_type": 19, "codename": "view_orderitem"}}, {"model": "auth.user", "pk": 1, "fields": {"password": "pbkdf2_sha256$390000$I0Mx0XmSor3Km5BE2OwMpF$HhaiPheCs3Nb3ZD3fyQYzY6pal7qOhl8LtKqczrVmlk=", "last_login": "2022-08-21T03:42:21.991Z", "is_superuser": true, "username": "maychan", "first_name": "", "last_name": "", "email": "mchan8720@gmail.com", "is_staff": true, "is_active": true, "date_joined": "2022-08-16T06:09:19.227Z", "groups": [], "user_permissions": []}}, {"model": "auth.user", "pk": 2, "fields": {"password": "pbkdf2_sha256$390000$G7g1bIHiLFqEqaO7v3r9hh$xavnFJkEYTJ7Ql1WUageX34hMJ30BMBF7uiuTcdYdSg=", "last_login": "2022-08-17T00:19:54.571Z", "is_superuser": false, "username": "mayli", "first_name": "", "last_name": "", "email": "mayli@aol.com", "is_staff": false, "is_active": true, "date_joined": "2022-08-17T00:18:09.569Z", "groups": [], "user_permissions": []}}, {"model": "sessions.session", "pk": "m6orc0no4jc1brxp1x0ufi9v41ggmaum", "fields": {"session_data": ".eJxVjEsKwzAMRO_idTGVU1u4y-57BiNLcpO2xJDPKvTuTcCbrAbevJnN1El0SoOYO1xMonXp0zo3YsCcWCb-6HgU8qbxVS3XcZmGbA_Ftna2zyr6fTT3dNDT3O_r7HIXxTGUojF4RImsQTJ27loAwHXk1QUkzQEQA3lmZSy3PcHFYn5_2eM8iQ:1oNpnM:p0_ja1O8mHyJV2ktpnCHZqbUFwwwUv5_AYCxy9Et-L0", "expire_date": "2022-08-30T06:11:20.550Z"}}, {"model": "sessions.session", "pk": "movv4x1le3uikycon9lpynav1dy8dlj9", "fields": {"session_data": ".eJxVjsEKwjAQRP8lZwluYrPEo3e_oWx2N6YqDTTtqfjvttCDngZm3gyzmp6WufRL06kfxFwNmNOvl4hfOu6BPGl8VMt1nKch2R2xR9rsvYq-bwf7N1Cola2dXPJRHEPOGkOHKJE1SELvzhkAnKdOXUDSFAAxUMesjPmyKbiYt9E6yXHSf77tbjyL:1oO7HO:-s_y5HsTxu67pu8y8BpTZsA1llJTBBX3wnMguhzjhaY", "expire_date": "2022-08-31T00:51:30.284Z"}}, {"model": "sessions.session", "pk": "swj64ai2w9lsngix66wc7p0nqk7mfyww", "fields": {"session_data": ".eJxVjLEOwjAMRP8lM4pw2sQKIzvfUDm2QwqokZp2Qvw7rdSl00nv3t3X1Fl0HkYxt_5iBlqXMqztIAbMiSXit057IS-antVynZZ5THZX7NE2-6iin_vhng4KtbKtk0tdFMeQs8bgESWyBknYuWsGANeRVxeQNAVADOSZlTH3W4KL2fz-2-c8jA:1oPbqv:0lvCNVIEEqOErijLruEA0muwQCJOlLOvnPKuno3IBus", "expire_date": "2022-09-04T03:42:21.999Z"}}, {"model": "sites.site", "pk": 1, "fields": {"domain": "example.com", "name": "example.com"}}, {"model": "account.emailaddress", "pk": 1, "fields": {"user": 2, "email": "mayli@aol.com", "verified": true, "primary": true}}, {"model": "cart.address", "pk": 1, "fields": {"user": 2, "address_line_1": "dsfs", "address_line_2": "fdsf", "city": "sdff", "zip_code": "sdfs", "state": "sdff", "address_type": "S", "default": false}}, {"model": "cart.address", "pk": 2, "fields": {"user": 2, "address_line_1": "sdfsf", "address_line_2": "fsf", "city": "sdfsddf", "zip_code": "sfdsf", "state": "dfsdf", "address_type": "B", "default": false}}, {"model": "cart.category", "pk": 2, "fields": {"name": "Shoes"}}, {"model": "cart.category", "pk": 4, "fields": {"name": "Tops and Tees"}}, {"model": "cart.category", "pk": 5, "fields": {"name": "Pants"}}, {"model": "cart.category", "pk": 6, "fields": {"name": "Coats and Jackets"}}, {"model": "cart.category", "pk": 7, "fields": {"name": "Sleepwear"}}, {"model": "cart.category", "pk": 8, "fields": {"name": "Activewear"}}, {"model": "cart.colourvariation", "pk": 1, "fields": {"name": "Blue"}}, {"model": "cart.colourvariation", "pk": 2, "fields": {"name": "Green"}}, {"model": "cart.colourvariation", "pk": 3, "fields": {"name": "Black"}}, {"model": "cart.colourvariation", "pk": 4, "fields": {"name": "White"}}, {"model": "cart.colourvariation", "pk": 5, "fields": {"name": "Yellow"}}, {"model": "cart.colourvariation", "pk": 6, "fields": {"name": "Orange"}}, {"model": "cart.colourvariation", "pk": 7, "fields": {"name": "Brown"}}, {"model": "cart.sizevariation", "pk": 1, "fields": {"name": "Small"}}, {"model": "cart.sizevariation", "pk": 3, "fields": {"name": "Medium"}}, {"model": "cart.sizevariation", "pk": 4, "fields": {"name": "Large"}}, {"model": "cart.product", "pk": 5, "fields": {"title": "Blouse", "slug": "Blouse", "image": "product_images/blouse_pa7f4im.png", "price": 5000, "description": "100% Cotton. Hand Wash or Dry Clean Only.", "created": "2022-08-17T00:54:12.572Z", "updated": "2022-08-21T03:44:03.957Z", "active": false, "primary_category": 4, "available_colours": [2, 3, 4, 5, 6], "available_sizes": [1, 3, 4]}}, {"model": "cart.product", "pk": 6, "fields": {"title": "Tank-Top", "slug": "Tank-Top", "image": "product_images/tank.png", "price": 6000, "description": "Sleeve-less 100% Organic Cotten. Machine-Wash.", "created": "2022-08-17T00:54:49.471Z", "updated": "2022-08-17T02:04:37.427Z", "active": false, "primary_category": 4, "available_colours": [1, 2, 3, 4, 5, 6], "available_sizes": [1, 3, 4]}}, {"model": "cart.product", "pk": 7, "fields": {"title": "Tee", "slug": "Tee", "image": "product_images/tee.png", "price": 7000, "description": "Short-Sleeved, 100% Cotton. Made in Turkey.", "created": "2022-08-17T00:55:19.620Z", "updated": "2022-08-17T02:05:01.765Z", "active": false, "primary_category": 4, "available_colours": [2, 3, 4, 5], "available_sizes": [1, 3, 4]}}, {"model": "cart.product", "pk": 8, "fields": {"title": "Jean", "slug": "Jean", "image": "product_images/jean.png", "price": 50000, "description": "Remarkably Slimming 100% Cotten. Machine-Wash. Made in Italy.", "created": "2022-08-17T01:54:07.317Z", "updated": "2022-08-17T02:05:22.353Z", "active": false, "primary_category": 5, "available_colours": [2, 3, 4, 5], "available_sizes": [1, 3]}}, {"model": "cart.product", "pk": 9, "fields": {"title": "Shorts", "slug": "Shorts", "image": "product_images/short.png", "price": 45000, "description": "Non-stretch denim, 100% Cotton. Made in Turkey", "created": "2022-08-17T01:54:48.426Z", "updated": "2022-08-17T02:05:32.839Z", "active": false, "primary_category": 5, "available_colours": [1, 2, 3, 4, 5], "available_sizes": [1, 3, 4]}}, {"model": "cart.product", "pk": 10, "fields": {"title": "Trousers", "slug": "Trouser", "image": "product_images/trousers.jpeg", "price": 100000, "description": "Classic fine Italian mid-rise mercer pants. Polyamide/polyester. Made in Italy.", "created": "2022-08-17T02:03:46.842Z", "updated": "2022-08-17T02:03:46.842Z", "active": false, "primary_category": 5, "available_colours": [4, 5, 6, 7], "available_sizes": [1, 3, 4]}}, {"model": "cart.product", "pk": 11, "fields": {"title": "Sneakers", "slug": "Sneakers", "image": "product_images/sneakers.png", "price": 170000, "description": "Cotton/polyester upper and lining. Made in France.", "created": "2022-08-17T02:08:58.785Z", "updated": "2022-08-17T02:08:58.785Z", "active": false, "primary_category": 2, "available_colours": [1, 2, 3, 4, 5, 6, 7], "available_sizes": [1, 3, 4]}}, {"model": "cart.product", "pk": 12, "fields": {"title": "Flats", "slug": "Flats", "image": "product_images/flats.png", "price": 50000, "description": "Leather upper and lining. Made in USA.", "created": "2022-08-17T02:09:29.601Z", "updated": "2022-08-17T02:09:29.601Z", "active": false, "primary_category": 2, "available_colours": [2, 3, 4, 5, 6, 7], "available_sizes": [1, 3, 4]}}, {"model": "cart.product", "pk": 13, "fields": {"title": "Heels", "slug": "Heels", "image": "product_images/heels.png", "price": 90000, "description": "Calf leather sole. Calf leather upper. Made in Italy.", "created": "2022-08-17T02:13:29.802Z", "updated": "2022-08-17T02:13:29.802Z", "active": false, "primary_category": 2, "available_colours": [1, 2, 3, 4, 5], "available_sizes": [1, 3, 4]}}, {"model": "cart.product", "pk": 14, "fields": {"title": "Coat", "slug": "Coat", "image": "product_images/coat.png", "price": 90000, "description": "Long sleeves, 55% cotton/45% polyester. Made in USA.", "created": "2022-08-17T02:18:20.003Z", "updated": "2022-08-17T02:18:20.003Z", "active": false, "primary_category": 6, "available_colours": [3, 4, 5, 6], "available_sizes": [1, 3, 4]}}, {"model": "cart.product", "pk": 15, "fields": {"title": "Jacket", "slug": "Jacket", "image": "product_images/jacket.png", "price": 90300, "description": "Warm, Lined 95% polyester/5% spandex. Made in China.", "created": "2022-08-17T02:19:01.269Z", "updated": "2022-08-17T02:19:01.269Z", "active": false, "primary_category": 6, "available_colours": [3, 4, 5, 6], "available_sizes": [1, 3, 4]}}, {"model": "cart.product", "pk": 16, "fields": {"title": "Vest", "slug": "Vest", "image": "product_images/vest.png", "price": 50200, "description": "Stand collar, Sleeveless. 90% goose down/10% goose feather. Dry Clean. Made in China.", "created": "2022-08-17T02:21:35.696Z", "updated": "2022-08-17T02:21:35.696Z", "active": false, "primary_category": 6, "available_colours": [3, 4, 5, 6], "available_sizes": [1, 3, 4]}}, {"model": "cart.product", "pk": 17, "fields": {"title": "Legging", "slug": "Legging", "image": "product_images/legging.png", "price": 90090, "description": "Wide elasticized waist, Ankle length Polyester/spandex. Made in USA.", "created": "2022-08-17T02:25:27.689Z", "updated": "2022-08-17T02:25:27.689Z", "active": false, "primary_category": 8, "available_colours": [1, 2, 3, 4, 5, 6, 7], "available_sizes": [3, 4]}}, {"model": "cart.product", "pk": 18, "fields": {"title": "Bodysuit", "slug": "Bodysuit", "image": "product_images/jumpsuit.png", "price": 69000, "description": "Sleeveless, Scoop neck. Polyester/elastane. Made in China.", "created": "2022-08-17T02:25:58.434Z", "updated": "2022-08-17T02:32:18.163Z", "active": false, "primary_category": 8, "available_colours": [4, 5, 6, 7], "available_sizes": [1, 3, 4]}}, {"model": "cart.product", "pk": 19, "fields": {"title": "Skort", "slug": "Skort", "image": "product_images/skort.png", "price": 98000, "description": "Elasticized waist. 62% nylon/38% spandex. Made in Japan.", "created": "2022-08-17T02:31:37.313Z", "updated": "2022-08-17T02:31:37.313Z", "active": false, "primary_category": 8, "available_colours": [3, 4, 5], "available_sizes": [1, 3, 4]}}, {"model": "cart.product", "pk": 20, "fields": {"title": "Nightgown", "slug": "Nightgown", "image": "product_images/nightgown.png", "price": 80000, "description": "Mercerized cotton, Hand-Wash. Made in Portugal.", "created": "2022-08-17T02:35:00.863Z", "updated": "2022-08-17T02:35:00.863Z", "active": false, "primary_category": 7, "available_colours": [1, 2, 3, 4, 5, 6], "available_sizes": [1, 3, 4]}}, {"model": "cart.product", "pk": 21, "fields": {"title": "Robes", "slug": "Robes", "image": "product_images/robes.png", "price": 69000, "description": "Short-Sleeved, Modal/polyester. Outer attached belt, inner tie. Made in Japan.", "created": "2022-08-17T02:35:35.314Z", "updated": "2022-08-17T02:35:35.314Z", "active": false, "primary_category": 7, "available_colours": [3, 4, 5, 6], "available_sizes": [1, 3]}}, {"model": "cart.product", "pk": 22, "fields": {"title": "Pajamas", "slug": "Pajamas", "image": "product_images/pajamas.png", "price": 86000, "description": "Two-piece pajama set. Matching satin shirt and pants. Hand-wash. Made in France.", "created": "2022-08-17T02:39:15.513Z", "updated": "2022-08-17T02:39:15.513Z", "active": false, "primary_category": 7, "available_colours": [4, 5, 6], "available_sizes": [1, 3]}}, {"model": "cart.order", "pk": 3, "fields": {"user": 1, "start_date": "2022-08-17T00:51:30.272Z", "ordered_date": null, "ordered": false, "billing_address": null, "shipping_address": null}}, {"model": "cart.order", "pk": 4, "fields": {"user": null, "start_date": "2022-08-20T05:50:44.404Z", "ordered_date": null, "ordered": false, "billing_address": null, "shipping_address": null}}]